{"cameraMode":{"drawMode":0,"name":"Shaded","section":"Shading Mode"},"sceneLighting":true,"audioPlay":false,"sceneViewState":{"m_AlwaysRefresh":false,"showFog":true,"showSkybox":true,"showFlares":true,"showImageEffects":true,"showParticleSystems":true,"showVisualEffectGraphs":true,"m_FxEnabled":true},"in2DMode":false,"pivot":{"x":15.685028076171875,"y":0.3116139769554138,"z":2.4791784286499025},"rotation":{"x":-0.046910107135772708,"y":-0.9474860429763794,"z":0.27020853757858279,"w":-0.1644899994134903},"size":1.2788810729980469,"orthographic":false}