{"cameraMode":{"drawMode":0,"name":"Shaded","section":"Shading Mode"},"sceneLighting":false,"audioPlay":false,"sceneViewState":{"m_AlwaysRefresh":false,"showFog":true,"showSkybox":false,"showFlares":true,"showImageEffects":true,"showParticleSystems":true,"showVisualEffectGraphs":true,"m_FxEnabled":true},"in2DMode":false,"pivot":{"x":1.0648558139801026,"y":0.2652238607406616,"z":-0.37037086486816409},"rotation":{"x":-0.29421791434288027,"y":0.19656650722026826,"z":-0.061971332877874377,"w":-0.9332528710365295},"size":2.5625534057617189,"orthographic":true}